"SamAccountName","Name","Description","DistinguishedName"
"Guest","Guest","Built-in account for guest access to the computer/domain","CN=Guest,OU=Disabled Users,OU=IronBridge,DC=ironbridge,DC=local"
"krbtgt","krbtgt","Key Distribution Center Service Account","CN=krbtgt,OU=Disabled Users,OU=IronBridge,DC=ironbridge,DC=local"
"dkowalczyk","Denise Kowalczyk","LEAVER | JML-1001 | Terminated 2025-08-07 per HR | Disabled 2026-10-08 | Do not delete before retention review","CN=Denise Kowalczyk,OU=Disabled Users,OU=IronBridge,DC=ironbridge,DC=local"
"mreynolds","Marcus Reynolds","LEAVER | JML-1002 | Disabled 2026-10-08 | Do not delete before retention review","CN=Marcus Reynolds,OU=Disabled Users,OU=IronBridge,DC=ironbridge,DC=local"
"vpn_user","vpn_user","shared - branches","CN=vpn_user,OU=Disabled Users,OU=IronBridge,DC=ironbridge,DC=local"
"teller_new","teller_new","DISABLED | JML-1003 | No HR record or shared account | 2026-10-08 | Do not delete before retention review","CN=teller_new,OU=Disabled Users,OU=IronBridge,DC=ironbridge,DC=local"
"teller_new2","teller_new2","DISABLED | JML-1003 | No HR record or shared account | 2026-10-08 | Do not delete before retention review","CN=teller_new2,OU=Disabled Users,OU=IronBridge,DC=ironbridge,DC=local"
"TEMP","TEMP","DISABLED | JML-1003 | No HR record or shared account | 2026-10-08 | Do not delete before retention review","CN=TEMP,OU=Disabled Users,OU=IronBridge,DC=ironbridge,DC=local"
"TEMP_DO_NOT_USE","TEMP_DO_NOT_USE","DISABLED | JML-1003 | No HR record or shared account | 2026-10-08 | Do not delete before retention review","CN=TEMP_DO_NOT_USE,OU=Disabled Users,OU=IronBridge,DC=ironbridge,DC=local"
"asdf","asdf","DISABLED | JML-1003 | No HR record or shared account | 2026-10-08 | Do not delete before retention review","CN=asdf,OU=Disabled Users,OU=IronBridge,DC=ironbridge,DC=local"
"test","test","DISABLED | JML-1003 | No HR record or shared account | 2026-10-08 | Do not delete before retention review","CN=test,OU=Disabled Users,OU=IronBridge,DC=ironbridge,DC=local"
