"Role","Name","SamAccountName"
"ROLE-Teller","Marlene Foss","mfoss"
"ROLE-Teller","Charlene Boyd","cboyd"
"ROLE-Teller","Nadia Brooks","nbrooks"
"ROLE-Executive","Ray Whitfield","rwhitfield"
"ROLE-BranchManager","Rick DeMarco","rdemarco"
"ROLE-LoanProcessor","Janet Ruiz","jruiz"
"ROLE-LoanProcessor","Priya Raman","praman"
"ROLE-LoanOfficer","Doug Pruitt","dpruitt"
"ROLE-LendingManager","Cheryl Vance","cvance"
"ROLE-WireOperations","Kevin Marsh","kmarsh"
"ROLE-Operations","Angela Boone","aboone"
"ROLE-Operations","Ted Brunner","tbrunner"
"ROLE-Operations","Sandra Pike","spike"
"ROLE-Operations","Deb Halloran","dhalloran"
"ROLE-Facilities","Bill Tolliver","btolliver"
"ROLE-WealthAdvisor","Tom Eckert","teckert"
