"SamAccountName","Name","EmployeeID","Department","Title","Office","Manager"
"rwhitfield","Ray Whitfield","E1001","Executive","Chief Operating Officer","HQ",""
"jruiz","Janet Ruiz","E1005","Lending","Loan Processor","HQ","Cheryl Vance"
"dpruitt","Doug Pruitt","E1007","Lending","Mortgage Officer","HQ","Cheryl Vance"
"cvance","Cheryl Vance","E1006","Lending","Loan Administration Manager","HQ","Ray Whitfield"
"praman","Priya Raman","E1008","Lending","Loan Processor","HQ","Cheryl Vance"
"kmarsh","Kevin Marsh","E1009","Wire Operations","Wire Operations Specialist","HQ","Ray Whitfield"
"teckert","Tom Eckert","E1014","Wealth Management","Wealth Advisor","HQ","Ray Whitfield"
"aboone","Angela Boone","E1010","Operations","Branch Operations Specialist","HQ","Deb Halloran"
"tbrunner","Ted Brunner","E1011","Operations","Branch Operations Specialist","HQ","Deb Halloran"
"spike","Sandra Pike","E1012","Operations","Back Office Specialist","HQ","Deb Halloran"
"btolliver","Bill Tolliver","E1015","Operations","Facilities Coordinator","HQ","Deb Halloran"
"dhalloran","Deb Halloran","E1013","Operations","Operations Manager","HQ","Ray Whitfield"
"mfoss","Marlene Foss","E1004","Retail Banking","Teller","Main Office","Ray Whitfield"
"cboyd","Charlene Boyd","E1003","Retail Banking","Head Teller","Elm Street","Ray Whitfield"
"nbrooks","Nadia Brooks","E1016","Retail Banking","Teller","Elm Street","Charlene Boyd"
"rdemarco","Rick DeMarco","E1002","Retail Banking","Branch Manager","Maple Avenue","Ray Whitfield"
