"SamAccountName","Name","Enabled","PasswordNeverExpires","Department","Title","Description","Groups"
"Administrator","Administrator","True","True",,,"Built-in account for administering the computer/domain","Group Policy Creator Owners; Domain Admins; Enterprise Admins; Schema Admins; Administrators"
"Guest","Guest","False","True",,,"Built-in account for guest access to the computer/domain","Guests"
"krbtgt","krbtgt","False","False",,,"Key Distribution Center Service Account","Denied RODC Password Replication Group"
"rwhitfield","Ray Whitfield","True","True",,"Chief Operating Officer",,""
"mfoss","Marlene Foss","True","True",,"Teller",,"Tellers"
"cboyd","Charlene Boyd","True","True",,"Head Teller, Elm Street",,"Tellers"
"jruiz","Janet Ruiz","True","True",,"Teller",,"Tellers2"
"dpruitt","Doug Pruitt","True","True",,"Mortgage Officer",,"Lending-Users"
"cvance","Cheryl Vance","True","True",,"Loan Administration",,"Lending-Users"
"praman","Priya Raman","True","True",,"Loan Processor",,"Loan-Files-Modify"
"kmarsh","Kevin Marsh","True","True",,"Wire Operations",,"Wire-Approve; Wire-Initiate"
"aboone","Angela Boone","True","True",,"Branch Operations",,"Wire-Initiate"
"rdemarco","Rick DeMarco","True","True",,"Branch Manager, Maple Avenue",,""
"tbrunner","Ted Brunner","True","True",,"Branch Operations",,""
"spike","Sandra Pike","True","True",,"Back Office",,""
"teckert","Tom Eckert","True","True",,"Wealth Management",,""
"btolliver","Bill Tolliver","True","True",,"Facilities",,""
"dhalloran","Deb Halloran","True","True",,"Operations Coordinator",,""
"dkowalczyk","Denise Kowalczyk","True","True",,"Loan Processor",,"Core-Banking-Users; Loan-Files-Modify"
"mreynolds","Marcus Reynolds","True","True",,,"DO NOT TOUCH","Domain Admins"
"scanner","scanner","True","True",,,"scan to folder - branch copier","Domain Admins"
"svc_backup","svc_backup","True","True",,,,""
"vpn_user","vpn_user","True","True",,,"shared - branches",""
"teller_new","teller_new","True","True",,,,""
"teller_new2","teller_new2","True","True",,,,""
"TEMP","TEMP","True","True",,,,""
"TEMP_DO_NOT_USE","TEMP_DO_NOT_USE","True","True",,,"ask ron",""
"asdf","asdf","True","True",,,,""
"test","test","True","True",,,,""
