"SamAccountName","Name","Enabled","PasswordNeverExpires","HRStatus"
"rwhitfield","Ray Whitfield","True","True","Active | E1001 | Chief Operating Officer"
"rdemarco","Rick DeMarco","True","True","Active | E1002 | Branch Manager"
"cboyd","Charlene Boyd","True","True","Active | E1003 | Head Teller"
"mfoss","Marlene Foss","True","True","Active | E1004 | Teller"
"jruiz","Janet Ruiz","True","True","Active | E1005 | Teller"
"cvance","Cheryl Vance","True","True","Active | E1006 | Loan Administration Manager"
"dpruitt","Doug Pruitt","True","True","Active | E1007 | Mortgage Officer"
"praman","Priya Raman","True","True","Active | E1008 | Loan Processor"
"kmarsh","Kevin Marsh","True","True","Active | E1009 | Wire Operations Specialist"
"aboone","Angela Boone","True","True","Active | E1010 | Branch Operations Specialist"
"tbrunner","Ted Brunner","True","True","Active | E1011 | Branch Operations Specialist"
"spike","Sandra Pike","True","True","Active | E1012 | Back Office Specialist"
"dhalloran","Deb Halloran","True","True","Active | E1013 | Operations Manager"
"teckert","Tom Eckert","True","True","Active | E1014 | Wealth Advisor"
"btolliver","Bill Tolliver","True","True","Active | E1015 | Facilities Coordinator"
"asdf","asdf","True","True","NO HR RECORD"
"mreynolds","Marcus Reynolds","True","True","NO HR RECORD"
"scanner","scanner","True","True","NO HR RECORD"
"svc_backup","svc_backup","True","True","NO HR RECORD"
"vpn_user","vpn_user","True","True","NO HR RECORD"
"teller_new","teller_new","True","True","NO HR RECORD"
"teller_new2","teller_new2","True","True","NO HR RECORD"
"TEMP","TEMP","True","True","NO HR RECORD"
"TEMP_DO_NOT_USE","TEMP_DO_NOT_USE","True","True","NO HR RECORD"
"test","test","True","True","NO HR RECORD"
"dkowalczyk","Denise Kowalczyk","True","True","Terminated | E0977 | Loan Processor"
